{"is_source_file": false, "format": "XML", "description": "This file is an AndroidManifest.xml, which is a configuration file that declares application components, permissions, features, and metadata for an Android app. It is not source code.", "external_files": [], "external_methods": [], "published": [], "classes": [], "methods": [], "calls": [], "search-terms": ["AndroidManifest.xml", "manifest", "permissions", "activity", "intent-filter"], "state": 2, "file_id": 3, "knowledge_revision": 81, "git_revision": "", "hash": "b6e90e2ce959fb7784251e8a1181d4f1", "format-version": 4, "code-base-name": "frontend", "filename": "frontend/app/src/main/AndroidManifest.xml", "revision_history": [{"81": ""}]}