{"is_source_file": true, "format": "Kotlin", "description": "This file defines an Android activity named PlayerActivity that handles media playback using ExoPlayer. It manages the lifecycle of the media player, initializes it with a video URL, and handles user interactions such as back navigation.", "external_files": ["R.layout.activity_player", "R.id.playerTitle", "R.id.playerView"], "external_methods": ["findViewById", "setContentView", "getStringExtra", "finish", "Uri.parse", "Intent", "putExtra"], "published": ["createIntent"], "classes": [{"name": "PlayerActivity", "description": "An Android activity for playing videos using ExoPlayer, handling lifecycle events and user input."}], "methods": [{"name": "onCreate", "description": "Initializes the activity, sets up UI components, and retrieves video information from intent extras."}, {"name": "onStart", "description": "Starts the player when the activity becomes visible."}, {"name": "onStop", "description": "Releases the player resources when the activity is no longer visible."}, {"name": "onKeyUp", "description": "Handles key events, specifically the back button to allow quick navigation."}, {"name": "initializePlayer", "description": "Sets up the ExoPlayer instance and prepares it with the media URI."}, {"name": "releasePlayer", "description": "Releases the media player resources."}, {"name": "createIntent", "description": "Creates an intent to start PlayerActivity with specified video title and URL."}], "calls": ["setContentView", "findViewById", "intent.getStringExtra", "titleText.setText", "ExoPlayer.Builder", "playerView.player", "MediaItem.fromUri", "exoplayer.setMediaItem", "ExoPlayer.prepare", "ExoPlayer.playWhenReady", "player?.release", "finish"], "search-terms": ["PlayerActivity", "ExoPlayer", "Video Playback", "MediaItem", "createIntent", "fragment activity"], "state": 2, "file_id": 12, "knowledge_revision": 52, "git_revision": "", "hash": "91fe38d111d363228ed9eabc783f1b59", "format-version": 4, "code-base-name": "frontend", "filename": "frontend/app/src/main/kotlin/org/example/app/ui/PlayerActivity.kt", "revision_history": [{"52": ""}]}