{"is_source_file": true, "format": "Kotlin", "description": "This file defines a utility object JoinUtils in Kotlin that provides a method to concatenate elements of a LinkedList into a single string separated by spaces.", "external_files": ["org/example/list/LinkedList"], "external_methods": ["LinkedList.size", "LinkedList.get"], "published": ["JoinUtils"], "classes": [], "methods": [{"name": "join", "description": "Concatenates elements of a LinkedList into a space-separated string."}], "calls": ["java.lang.StringBuilder.<init>", "StringBuilder.append", "StringBuilder.toString", "LinkedList.size", "LinkedList.get"], "search-terms": ["JoinUtils", "join", "LinkedList", "string concatenation", "utilities"], "state": 2, "file_id": 46, "knowledge_revision": 94, "git_revision": "f5e64e23e1de38d57851bd3ff3c54d42ba559eb5", "hash": "d5d37075d12a0655ed99a33a4822bcca", "format-version": 4, "code-base-name": "frontend", "filename": "frontend/utilities/src/main/kotlin/org/example/utilities/JoinUtils.kt", "revision_history": [{"94": "f5e64e23e1de38d57851bd3ff3c54d42ba559eb5"}]}