{"is_source_file": true, "format": "Kotlin", "description": "This Kotlin file defines a Fragment named FavoritesFragment for an Android application. It manages a list of favorite items, displaying them via a RecyclerView, and handles user interactions such as opening a favorite item or removing it. The file also includes a nested adapter class and a view holder class for rendering the list items.", "external_files": ["android.os.Bundle", "android.view.View", "android.widget.TextView", "androidx.fragment.app.Fragment", "androidx.recyclerview.widget.LinearLayoutManager", "androidx.recyclerview.widget.RecyclerView", "org.example.app.R", "org.example.app.data.DummyRepositories", "org.example.app.model.FavoriteItem", "org.example.app.model.FavoriteType"], "external_methods": ["DummyRepositories.getFavorites()", "DummyRepositories.getVodCatalog()", "DummyRepositories.toggleFavorite()", "PlayerActivity.createIntent()", "requireContext()", "startActivity()"], "published": ["FavoritesFragment"], "classes": [{"name": "FavoritesAdapter", "description": "RecyclerView adapter for displaying favorite items with Open and Remove actions."}, {"name": "FavoritesViewHolder", "description": "ViewHolder class for binding favorite item views, including title, subtitle, and action buttons."}], "methods": [{"name": "onViewCreated", "description": "Initializes RecyclerView and TextView references after view creation."}, {"name": "onResume", "description": "Triggers the render function to update the favorites list when the fragment resumes."}, {"name": "render", "description": "Fetches favorite items, updates UI visibility, and sets the RecyclerView adapter with interaction handlers."}, {"name": "newInstance", "description": "Factory method to create a new instance of FavoritesFragment."}, {"name": "onCreateViewHolder", "description": "Inflates the layout for a single favorite item and creates a ViewHolder."}, {"name": "onBindViewHolder", "description": "Binds data to the ViewHolder for a specific position."}, {"name": "getItemCount", "description": "Returns the total number of favorite items."}, {"name": "bind", "description": "Binds favorite item data to UI elements and sets click listeners for actions."}], "calls": ["DummyRepositories.getFavorites()", "DummyRepositories.getVodCatalog()", "startActivity()", "DummyRepositories.toggleFavorite()"], "search-terms": ["FavoritesFragment", "FavoriteItem", "FavoritesAdapter", "render method", "FavoriteType.VOD", "dummy repositories", "RecyclerView", "FavoritesViewHolder"], "state": 2, "file_id": 10, "knowledge_revision": 50, "git_revision": "", "hash": "83ef95c85e710809d6ae00a1c9d9f95a", "format-version": 4, "code-base-name": "frontend", "filename": "frontend/app/src/main/kotlin/org/example/app/ui/FavoritesFragment.kt", "revision_history": [{"50": ""}]}