{"is_source_file": true, "format": "Kotlin", "description": "This file defines the SearchFragment class, a fragment responsible for handling search functionality in the app. It includes UI initialization, search result rendering, and interaction handlers for various item types such as VOD, programs, and favorites. Additionally, it defines related data classes and a RecyclerView adapter for displaying search result rows.", "external_files": ["android.os.Bundle", "android.view.View", "android.widget.TextView", "androidx.fragment.app.Fragment", "androidx.recyclerview.widget.LinearLayoutManager", "androidx.recyclerview.widget.RecyclerView", "org.example.app.R", "org.example.app.data.DummyRepositories", "org.example.app.model.FavoriteItem", "org.example.app.model.FavoriteType", "org.example.app.model.ProgramItem", "org.example.app.model.VodItem"], "external_methods": ["DummyRepositories.searchAll", "DummyRepositories.getVodCatalog", "DummyRepositories.toggleFavorite", "PlayerActivity.createIntent", "getString"], "published": ["SearchFragment"], "classes": [{"name": "SearchRow", "description": "A sealed class representing different types of rows in the search results list, including headers, items, and an empty state.", "subclasses": [{"name": "Header", "description": "Represents a header row with a title."}, {"name": "Vod", "description": "Represents a VOD item row."}, {"name": "Program", "description": "Represents a program item row."}, {"name": "Favorite", "description": "Represents a favorite item row."}, {"name": "Empty", "description": "Represents a row indicating no results."}]}, {"name": "SearchAdapter", "description": "RecyclerView adapter for rendering various search result rows with appropriate view holders and handling user interactions."}, {"name": "SimpleTextVH", "description": "ViewHolder for simple text rows (headers and empty messages)."}, {"name": "VodRowVH", "description": "ViewHolder for displaying VOD items, with actions for play and toggle favorite."}, {"name": "ProgramRowVH", "description": "ViewHolder for displaying program items, with actions for play and toggle favorite."}, {"name": "FavoriteRowVH", "description": "ViewHolder for displaying favorite items, mainly for informational display."}], "methods": [{"name": "onCreate", "description": "Initializes the fragment and retrieves the initial search query from arguments."}, {"name": "onViewCreated", "description": "Sets up the RecyclerView, layout manager, and initiates the initial rendering."}, {"name": "render", "description": "Executes a search with the current query, builds the list of result rows, and sets up the RecyclerView adapter."}, {"name": "newInstance", "description": "Static factory method to create a new instance of SearchFragment with a specified search query."}], "calls": ["DummyRepositories.searchAll", "getString", "startActivity", "DummyRepositories.getVodCatalog", "DummyRepositories.toggleFavorite", "PlayerActivity.createIntent"], "search-terms": ["SearchFragment", "search results", "RecyclerView", "VOD", "Program", "Favorite", "Lazy initialization", "Fragment factory"], "state": 2, "file_id": 11, "knowledge_revision": 51, "git_revision": "", "hash": "cf7cc5e5305356e09d37d996c2732347", "format-version": 4, "code-base-name": "frontend", "filename": "frontend/app/src/main/kotlin/org/example/app/ui/SearchFragment.kt", "revision_history": [{"51": ""}]}