{"is_source_file": true, "format": "Kotlin", "description": "This file defines a fragment called EpgFragment for an Android app, which displays electronic program guide (EPG) information including channels and their programs. It uses RecyclerViews for listing channels and programs, with adapters and view holders for rendering. It manages user interactions such as channel selection, playing programs, and toggling favorites.", "external_files": ["org.example.app.R", "org.example.app.data.DummyRepositories", "org.example.app.model.Channel", "org.example.app.model.FavoriteItem", "org.example.app.model.FavoriteType", "org.example.app.model.ProgramItem", "android.os.Bundle", "android.view.View", "android.widget.TextView", "androidx.fragment.app.Fragment", "androidx.recyclerview.widget.LinearLayoutManager", "androidx.recyclerview.widget.RecyclerView"], "external_methods": ["DummyRepositories.getChannels()", "DummyRepositories.getProgramsForToday()", "DummyRepositories.getVodCatalog()", "DummyRepositories.toggleFavorite()", "PlayerActivity.createIntent()", "requireContext()", "view.findViewById()", "startActivity()"], "published": ["EpgFragment"], "classes": [{"name": "EpgFragment", "description": "Main fragment displaying the EPG with channel and program lists, handling user interactions."}, {"name": "ChannelAdapter", "description": "RecyclerView adapter for displaying channel list with selection handling."}, {"name": "ChannelViewHolder", "description": "View holder for a single channel item."}, {"name": "ProgramAdapter", "description": "RecyclerView adapter for displaying program items."}, {"name": "ProgramViewHolder", "description": "View holder for a single program item, handles UI binding and click actions."}], "methods": [{"name": "onViewCreated", "description": "Initializes the view, sets up RecyclerViews, adapters, and default selections."}, {"name": "renderPrograms", "description": "Filters and displays programs for the selected channel, handling play and favorite toggle actions."}, {"name": "newInstance", "description": "Creates a new instance of EpgFragment."}, {"name": "bind", "description": "Binds channel data to its view holder, indicating selection."}, {"name": "onCreateViewHolder", "description": "Inflates layout and creates a ViewHolder for channels or programs."}, {"name": "onBindViewHolder", "description": "Binds data to a ViewHolder and sets up click and focus listeners."}, {"name": "getItemCount", "description": "Returns the total number of items in the adapter."}, {"name": "bind", "description": "Binds program data to its view holder, setting click actions for play and favorites."}], "calls": ["ChannelAdapter.onCreateViewHolder", "ChannelAdapter.onBindViewHolder", "ProgramAdapter.onCreateViewHolder", "ProgramAdapter.onBindViewHolder", "startActivity", "requireContext", "DummyRepositories.getChannels", "DummyRepositories.getProgramsForToday", "DummyRepositories.getVodCatalog", "DummyRepositories.toggleFavorite", "PlayerActivity.createIntent"], "search-terms": ["EpgFragment", "channel list", "program list", "FavoriteItem", "ProgramItem", "Channel", "RecyclerView", "ChannelAdapter", "ProgramAdapter", "onViewCreated"], "state": 2, "file_id": 8, "knowledge_revision": 80, "git_revision": "", "revision_history": [{"48": ""}, {"80": ""}], "hash": "1a21d55b76d9eae398076cfe150481c1", "format-version": 4, "code-base-name": "frontend", "filename": "frontend/app/src/main/kotlin/org/example/app/ui/EpgFragment.kt"}