{"is_source_file": true, "format": "Kotlin", "description": "Defines data models for TV channels, EPG program items, VOD items, and user favorite items in the application.", "external_files": ["org/example/app/model/FavoriteType.kt"], "external_methods": [], "published": ["Channel", "ProgramItem", "VodItem", "FavoriteItem", "FavoriteType"], "classes": [{"name": "Channel", "description": "Represents a TV channel in EPG."}, {"name": "ProgramItem", "description": "Represents one EPG program (a block on the timeline)."}, {"name": "VodItem", "description": "Represents a VOD item."}, {"name": "FavoriteItem", "description": "Represents a favorite item (can point to either VOD or Program)."}, {"name": "FavoriteType", "description": "Enum class indicating the type of favorite item (VOD or PROGRAM)."}], "methods": [], "calls": [], "search-terms": ["Channel", "ProgramItem", "VodItem", "FavoriteItem", "FavoriteType", "EPG", "media", "TV"], "state": 2, "file_id": 6, "knowledge_revision": 46, "git_revision": "", "hash": "417fb91334cb9f2f68686f17534ad0f6", "format-version": 4, "code-base-name": "frontend", "filename": "frontend/app/src/main/kotlin/org/example/app/model/Models.kt", "revision_history": [{"46": ""}]}