{"is_source_file": true, "format": "Kotlin", "description": "This file defines a Fragment for displaying VOD items in a grid, with adapters and view holders for rendering each item, and handles user interactions such as playing a video or toggling favorites.", "external_files": ["android.os.Bundle", "android.view.View", "android.widget.TextView", "androidx.fragment.app.Fragment", "androidx.recyclerview.widget.GridLayoutManager", "androidx.recyclerview.widget.RecyclerView", "org.example.app.R", "org.example.app.data.DummyRepositories", "org.example.app.model.FavoriteItem", "org.example.app.model.FavoriteType", "org.example.app.model.VodItem"], "external_methods": ["DummyRepositories.getVodCatalog()", "DummyRepositories.toggleFavorite()", "PlayerActivity.createIntent()", "requireContext()", "startActivity()", "android.view.LayoutInflater.from()"], "published": ["VodFragment", "newInstance"], "classes": [{"name": "VodFragment", "description": "Main Fragment displaying a grid of VOD items with options to play videos and toggle favorites."}, {"name": "VodAdapter", "description": "RecyclerView Adapter for VodItem objects, managing item views and user interactions."}, {"name": "VodViewHolder", "description": "ViewHolder for VodAdapter, binding VodItem data to the UI and setting click listeners."}], "methods": [{"name": "onViewCreated", "description": "Sets up RecyclerView with grid layout and adapter, and defines item interaction behavior."}, {"name": "newInstance", "description": "Creates and returns a new instance of VodFragment."}, {"name": "onCreateViewHolder", "description": "Inflates item layout and creates a VodViewHolder."}, {"name": "onBindViewHolder", "description": "Binds VodItem data to ViewHolder and sets up interaction callbacks."}, {"name": "getItemCount", "description": "Returns total number of VOD items."}, {"name": "bind", "description": "Binds VodItem data to UI elements and sets click listeners for play and favorite actions."}], "calls": ["DummyRepositories.getVodCatalog()", "startActivity()", "PlayerActivity.createIntent()", "DummyRepositories.toggleFavorite()", "LayoutInflater.from()"], "search-terms": ["VodFragment", "VodAdapter", "VodViewHolder", "toggleFavorite", "createIntent", "fragment_vod", "item_vod", "R.layout.fragment_vod", "R.layout.item_vod"], "state": 2, "file_id": 9, "knowledge_revision": 49, "git_revision": "", "hash": "07465e11ba8e4a4694538d4662fdc007", "format-version": 4, "code-base-name": "frontend", "filename": "frontend/app/src/main/kotlin/org/example/app/ui/VodFragment.kt", "revision_history": [{"49": ""}]}