{"is_source_file": false, "format": "", "description": "", "external_files": [], "external_methods": [], "published": [], "classes": [], "methods": [], "calls": [], "search-terms": [], "state": 2, "file_id": 1, "knowledge_revision": 4, "git_revision": "0ba2d6f685798cad543415203c27efb890f586cb", "hash": "084afbe3fb0c7cfda09941be10d30321", "format-version": 4, "code-base-name": "frontend", "filename": "frontend/init_script.sh", "revision_history": [{"4": "0ba2d6f685798cad543415203c27efb890f586cb"}]}