{"is_source_file": true, "format": "Kotlin", "description": "A Kotlin object that contains a legacy method used as a project scaffold placeholder.", "external_files": [], "external_methods": [], "published": ["org.example.app.MessageUtils"], "classes": [], "methods": [{"name": "message", "description": "Returns a string indicating this is a legacy template, kept to avoid breaking project scaffolding."}], "calls": [], "search-terms": ["MessageUtils", "legacy", "scaffolding", "placeholder"], "state": 2, "file_id": 39, "knowledge_revision": 79, "git_revision": "", "hash": "84026ab73a583422b6601d5707133cc9", "format-version": 4, "code-base-name": "frontend", "filename": "frontend/app/src/main/kotlin/org/example/app/MessageUtils.kt", "revision_history": [{"79": ""}]}