{"is_source_file": true, "format": "Kotlin", "description": "This file defines a singly linked list data structure with basic operations such as add, remove, size, and get by index. It includes an internal Node class and utility functions for list traversal.", "external_files": [], "external_methods": [], "published": ["org.example.list.LinkedList"], "classes": [{"name": "LinkedList", "description": "A singly linked list implementation with methods for adding, removing, retrieving size, and accessing elements by index."}, {"name": "Node", "description": "An internal class representing a node in the linked list, holding data and reference to the next node."}], "methods": [{"name": "add", "description": "Adds a new element to the end of the linked list."}, {"name": "remove", "description": "Removes the first occurrence of an element from the list."}, {"name": "size", "description": "Returns the number of elements in the list."}, {"name": "get", "description": "Retrieves the element at the specified index."}, {"name": "unlink", "description": "Internal method to unlink a node from the list, adjusting pointers appropriately."}, {"name": "tail", "description": "Utility function to find the last node in a list starting from a given head."}], "calls": ["tail", "unlink"], "search-terms": ["LinkedList", "add", "remove", "size", "get", "Node", "internal class", "single linked list"], "state": 2, "file_id": 43, "knowledge_revision": 97, "git_revision": "f5e64e23e1de38d57851bd3ff3c54d42ba559eb5", "hash": "a4ff5a071c1491fad8c1a93e5dd6a39e", "format-version": 4, "code-base-name": "frontend", "filename": "frontend/list/src/main/kotlin/org/example/list/LinkedList.kt", "revision_history": [{"97": "f5e64e23e1de38d57851bd3ff3c54d42ba559eb5"}]}