{"is_source_file": true, "format": "Kotlin", "description": "This file defines a utility object 'StringUtils' providing methods to join a LinkedList into a String and to split a String into a LinkedList, utilizing external utilities JoinUtils and SplitUtils.", "external_files": ["org/example/list/LinkedList.kt", "JoinUtils.kt", "SplitUtils.kt"], "external_methods": ["JoinUtils.join(LinkedList): String", "SplitUtils.split(String): LinkedList"], "published": ["StringUtils"], "classes": [], "methods": [{"name": "join", "description": "Converts a LinkedList into a String using JoinUtils."}, {"name": "split", "description": "Splits a String into a LinkedList using SplitUtils."}], "calls": ["JoinUtils.join(source)", "SplitUtils.split(source)"], "search-terms": ["StringUtils", "join", "split", "LinkedList", "utilities", "org.example"], "state": 2, "file_id": 44, "knowledge_revision": 95, "git_revision": "f5e64e23e1de38d57851bd3ff3c54d42ba559eb5", "hash": "d2e8b8a7116450b7d3a3224fee8ed988", "format-version": 4, "code-base-name": "frontend", "filename": "frontend/utilities/src/main/kotlin/org/example/utilities/StringUtils.kt", "revision_history": [{"95": "f5e64e23e1de38d57851bd3ff3c54d42ba559eb5"}]}