{"is_source_file": false, "format": null, "description": "", "external_files": [], "external_methods": [], "published": [], "classes": [], "methods": [], "calls": [], "search-terms": ["styles.xml", "Android styles", "Theme.OceanProfessional", "Widget.Ocean", "ActionButton"], "state": 2, "file_id": 27, "knowledge_revision": 67, "git_revision": "", "hash": "86bc381cdd8d8a1495cfcb3100e7f26a", "format-version": 4, "code-base-name": "frontend", "filename": "frontend/app/src/main/res/values/styles.xml", "revision_history": [{"67": ""}]}