{"is_source_file": false, "format": "", "description": "", "external_files": [], "external_methods": [], "published": [], "classes": [], "methods": [], "calls": [], "search-terms": [], "state": 2, "file_id": 47, "knowledge_revision": 93, "git_revision": "f5e64e23e1de38d57851bd3ff3c54d42ba559eb5", "hash": "ecaf29ae072beb8364fa679d353950e6", "format-version": 4, "code-base-name": "frontend", "filename": "frontend/README.md", "revision_history": [{"93": "f5e64e23e1de38d57851bd3ff3c54d42ba559eb5"}]}