{"is_source_file": true, "format": "Kotlin", "description": "This file provides utility functions for splitting a string into tokens and storing them in a linked list. It includes methods to parse a string by spaces and validate tokens before adding them to the list.", "external_files": ["org/example/list/LinkedList"], "external_methods": [], "published": ["org.example.utilities.SplitUtils"], "classes": [{"name": "SplitUtils", "description": "An object containing utility functions to split strings into tokens and manage them within linked lists."}], "methods": [{"name": "split", "description": "Splits a string into tokens based on spaces and stores valid tokens in a linked list."}, {"name": "addIfValid", "description": "Checks if a token is valid and adds it to the provided linked list if valid."}, {"name": "isTokenValid", "description": "Validates whether a token string is not empty."}], "calls": ["source.indexOf", "source.substring", "addIfValid", "isTokenValid"], "search-terms": ["SplitUtils", "string splitting Kotlin", "LinkedList tokens", "utility splitting functions"], "state": 2, "file_id": 45, "knowledge_revision": 96, "git_revision": "f5e64e23e1de38d57851bd3ff3c54d42ba559eb5", "hash": "8bed59570d9b2c80ea163f8381f5ad8b", "format-version": 4, "code-base-name": "frontend", "filename": "frontend/utilities/src/main/kotlin/org/example/utilities/SplitUtils.kt", "revision_history": [{"96": "f5e64e23e1de38d57851bd3ff3c54d42ba559eb5"}]}