{"is_source_file": false, "format": null, "description": null, "external_files": [], "external_methods": [], "published": [], "classes": [], "methods": [], "calls": [], "search-terms": ["strings.xml", "resource strings", "Android localization", "app_name", "titles", "search hints"], "state": 2, "file_id": 37, "knowledge_revision": 77, "git_revision": "", "hash": "18d4ff4cb03954e155d6e0ab3aa7574f", "format-version": 4, "code-base-name": "frontend", "filename": "frontend/app/src/main/res/values/strings.xml", "revision_history": [{"77": ""}]}