{"is_source_file": true, "format": "Kotlin", "description": "This file defines an enum class 'NavDestination' representing primary navigation destinations in a media app, such as EPG, VOD, FAVORITES, SEARCH, and PLAYER.", "external_files": [], "external_methods": [], "published": ["NavDestination"], "classes": [{"name": "NavDestination", "description": "An enum class representing main navigation destinations within the application."}], "methods": [], "calls": [], "search-terms": ["NavDestination", "enum class", "primary screens", "navigation", "Kotlin enum"], "state": 2, "file_id": 5, "knowledge_revision": 37, "git_revision": "", "hash": "757eedb818a2e4f57f6a168a37a4a0d1", "format-version": 4, "code-base-name": "frontend", "filename": "frontend/app/src/main/kotlin/org/example/app/model/NavDestination.kt", "revision_history": [{"37": ""}]}