{"is_source_file": true, "format": "Kotlin", "description": "MainActivity class for an Android application managing navigation between different UI fragments such as EPG, VOD, Favorites, and Search. It handles user interactions, focus management, and fragment replacement logic.", "external_files": ["R.layout.activity_main", "R.id.topTitle", "R.id.searchInput", "R.id.contentContainer", "R.id.menuEpg", "R.id.menuVod", "R.id.menuFavorites", "R.string.title_search", "R.string.title_epg", "R.string.title_vod", "R.string.title_favorites", "R.string.title_search", "R.string.title_player"], "external_methods": ["setContentView()", "findViewById()", "setOnEditorActionListener()", "setOnKeyListener()", "setOnClickListener()", "setOnFocusChangeListener()", "requestFocus()", "getString()", "supportFragmentManager.beginTransaction()", "replace()", "commit()"], "published": ["MainActivity"], "classes": [{"name": "MainActivity", "description": "An Android activity class managing UI navigation and user input handling."}], "methods": [{"name": "onCreate", "description": "Initializes the activity, sets up UI components, and assigns event listeners."}, {"name": "openSearch", "description": "Updates the UI to display the SearchFragment with the given query."}, {"name": "navigateTo", "description": "Navigates to a specified destination by replacing current fragment and updating the title."}, {"name": "replaceContent", "description": "Replaces the content container with the specified fragment."}], "calls": ["setContentView()", "findViewById()", "setOnEditorActionListener()", "setOnKeyListener()", "setOnClickListener()", "setOnFocusChangeListener()", "requestFocus()", "getString()", "supportFragmentManager.beginTransaction()", "replace()", "commit()"], "search-terms": ["MainActivity", "navigateTo", "replaceContent", "setOnEditorActionListener", "NavDestination", "UI fragment management", "Android focus handling", "FragmentTransaction"], "state": 2, "file_id": 4, "knowledge_revision": 25, "git_revision": "", "hash": "e07303eec65319772574447944197aae", "format-version": 4, "code-base-name": "frontend", "filename": "frontend/app/src/main/kotlin/org/example/app/MainActivity.kt", "revision_history": [{"25": ""}]}