{"is_source_file": true, "format": "Kotlin", "description": "This Kotlin source file defines an in-memory dummy repository for TV channels, programs, VOD items, and favorites data. It provides functions to retrieve sample data and perform simple search operations, primarily used for testing or prototyping in development.", "external_files": ["org/example/app/model/Channel.kt", "org/example/app/model/FavoriteItem.kt", "org/example/app/model/FavoriteType.kt", "org/example/app/model/ProgramItem.kt", "org/example/app/model/VodItem.kt"], "external_methods": ["listOf()", "favorites.any {}", "favorites.indexOfFirst {}", "favorites.removeAt()", "favorites.add()", "getProgramsForToday()", "getVodCatalog()", "getFavorites()"], "published": ["DummyRepositories"], "classes": [{"name": "SearchResults", "description": "Data class aggregating search results across programs, VOD items, and favorites."}], "methods": [{"name": "getChannels", "description": "Returns a list of dummy TV channel data."}, {"name": "getProgramsForToday", "description": "Returns a list of today's dummy program items for different channels."}, {"name": "getVodCatalog", "description": "Returns a list of dummy Video on Demand items."}, {"name": "getFavorites", "description": "Returns the current list of favorite items."}, {"name": "isFavorite", "description": "Checks if an item with a given ID is marked as favorite."}, {"name": "toggleFavorite", "description": "Adds or removes an item from the favorites list."}, {"name": "searchAll", "description": "Performs a search across programs, VOD, and favorites based on the query string."}], "calls": ["listOf()", "favorites.any {}", "favorites.indexOfFirst {}", "favorites.removeAt()", "favorites.add()", "getProgramsForToday()", "getVodCatalog()", "getFavorites()", "filter {}", "contains()"], "search-terms": ["DummyRepositories", "InMemoryFavorites", "SampleChannels", "ProgramItems", "VodItems", "searchAll", "FavoriteItem", "InMemoryDataSource"], "state": 2, "file_id": 7, "knowledge_revision": 47, "git_revision": "", "hash": "3a070403d4eb2c8d9ac8e0bedd722e32", "format-version": 4, "code-base-name": "frontend", "filename": "frontend/app/src/main/kotlin/org/example/app/data/DummyRepositories.kt", "revision_history": [{"47": ""}]}