{"is_source_file": false, "format": "", "description": "", "external_files": [], "external_methods": [], "published": [], "classes": [], "methods": [], "calls": [], "search-terms": ["README.md", "big-screen-media-hub"], "state": 2, "file_id": 2, "knowledge_revision": 5, "git_revision": "248c37097495c48e8cbe86738203f91e5ee2b86e", "hash": "7ebd9dd0e3bac26379e2577d9bde9c29", "format-version": 4, "code-base-name": "frontend", "filename": "README.md", "revision_history": [{"5": "248c37097495c48e8cbe86738203f91e5ee2b86e"}]}